{"item_type":"1","item_name":"API\u6587\u6863\u793a\u4f8b","item_description":"API\u6587\u6863\u793a\u4f8b","password":"5591611592980","pages":{"pages":[{"page_title":"\u5168\u5c40\u9519\u8bef\u7801","cat_id":"0","page_content":"| \u9519\u8bef\u7801  | \u9519\u8bef\u89e3\u91ca  |\n| ------------ | ------------ |\n| 1  | \u6ce8\u518c\u683c\u5f0f\u9519\u8bef  |\n| 2  | \u767b\u9646\u683c\u5f0f\u9519\u8bef  |\n| 3  | \u767b\u5f55\u7528\u6237\u540d\u6216\u5bc6\u7801\u9519\u8bef  |\n| 4  | \u672a\u767b\u5f55  |\n| 5  | \u8bf7\u6c42\u589e\u52a0\u7684\u4e8b\u9879\u6ca1\u6709\u6807\u9898  |\n| 6  | \u4e8b\u9879ID\u4e0d\u5b58\u5728  |\n| 7  | \u67e5\u8be2\u7ed3\u679c\u4e3a\u7a7a  |\n| 8  | \u8bf7\u6c42\u9875\u9762\u8d85\u51fa\u8303\u56f4  |\n| 9  | \u6ca1\u6709\u67e5\u8be2\u5386\u53f2\u8bb0\u5f55  |\n","s_number":"99","page_comments":""}],"catalogs":[{"cat_id":"3396865","cat_name":"\u7528\u6237\u76f8\u5173","parent_cat_id":"0","level":"2","s_number":"98","pages":[{"page_title":"\u7528\u6237\u6ce8\u518c","cat_id":"3396865","page_content":"**\u7b80\u8981\u63cf\u8ff0\uff1a** \n\n- \u7528\u6237\u6ce8\u518c\u63a5\u53e3\n\n**\u8bf7\u6c42URL\uff1a** \n- ` http:\/\/ofeasl.top\/api\/v1\/user\/regist `\n  \n**\u8bf7\u6c42\u65b9\u5f0f\uff1a**\n- POST \n\n**\u53c2\u6570\uff1a** \n\n|\u53c2\u6570\u540d|\u5fc5\u9009|\u7c7b\u578b|\u8bf4\u660e|\n|:----    |:---|:----- |-----   |\n|username |\u662f  |string |\u7528\u6237\u540d   |\n|password |\u662f  |string | \u5bc6\u7801    |\n|\u5fc5\u987b\u4f7f\u7528JSON\u683c\u5f0f\u8bf7\u6c42\n **\u8fd4\u56de\u793a\u4f8b**\n``` \n{\n    \"data\": {\n        \"id\": 1,\n        \"password\": \"aPassword\",\n        \"username\": \"aUsername\"\n    },\n    \"message\": \"Regist Successfully\",\n    \"status\": 0\n}\n```\n **\u8fd4\u56de\u53c2\u6570\u8bf4\u660e** \n\n|\u53c2\u6570\u540d|\u7c7b\u578b|\u8bf4\u660e|\n|:-----  |:-----|-----                           |\n|id |int   |\u7528\u6237ID(\u7cfb\u7edf\u81ea\u52a8\u751f\u6210)|\n|username |string   |\u7528\u6237\u540d|\n|password |string   |\u5bc6\u7801|\n\n **\u5907\u6ce8** \n\n","s_number":"99","page_comments":""},{"page_title":"\u7528\u6237\u767b\u5f55","cat_id":"3396865","page_content":"**\u7b80\u8981\u63cf\u8ff0\uff1a** \n\n- \u7528\u6237\u767b\u5f55\u63a5\u53e3\n\n**\u8bf7\u6c42URL\uff1a** \n- ` http:\/\/ofeasl.top\/api\/v1\/user\/login `\n  \n**\u8bf7\u6c42\u65b9\u5f0f\uff1a**\n- POST \n\n**\u53c2\u6570\uff1a** \n\n|\u53c2\u6570\u540d|\u5fc5\u9009|\u7c7b\u578b|\u8bf4\u660e|\n|:----    |:---|:----- |-----   |\n|username |\u662f  |string |\u7528\u6237\u540d   |\n|password |\u662f  |string | \u5bc6\u7801    |\n|\u5fc5\u987b\u4f7f\u7528JSON\u683c\u5f0f\u8bf7\u6c42\n\n **\u8fd4\u56de\u793a\u4f8b**\n``` \n{\n    \"data\": {\n        \"token\": \"eyJhbGciOiJIUzUxMiIsImlhdCI6MTYxNzQ5OTEzMiwiZXhwIjoxNjE3NTAyNzMyfQ.eyJpZCI6MSwidXNlcm5hbWUiOiIxIiwicGFzc3dvcmQiOiIxIn0.nsVSNb1Pno4s4NGC0zzY9i3iH63P-EnUi5eh0ajiIhdgG2n264gtQfp4NbiVOZCdg_4LMqeWP0sy3W2FH3OZWg\",\n        \"user\": {\n            \"password\": \"1\",\n            \"username\": \"1\"\n        }\n    },\n    \"message\": \"Login Successfully\",\n    \"status\": 0\n}\n```\n **\u8fd4\u56de\u53c2\u6570\u8bf4\u660e** \n\n|\u53c2\u6570\u540d|\u7c7b\u578b|\u8bf4\u660e|\n|:-----  |:-----|-----                           |\n|token|string|\u8ba4\u8bc1\u5bc6\u94a5|\n|user.password|string|\u7528\u6237\u5bc6\u7801|\n|user.username|string|\u7528\u6237\u540d|\n\n **\u5907\u6ce8** \n","s_number":"99","page_comments":""}],"catalogs":[]},{"cat_id":"3453309","cat_name":"\u5f85\u529e\u4e8b\u9879\u76f8\u5173","parent_cat_id":"0","level":"2","s_number":"99","pages":[],"catalogs":[{"cat_id":"3453382","cat_name":"\u5220","parent_cat_id":"3453309","level":"3","s_number":"99","pages":[{"page_title":"\u5220\u9664\u5355\u4e2a\u4e8b\u9879","cat_id":"3453382","page_content":"**\u7b80\u8981\u63cf\u8ff0\uff1a** \n\n- \u5220\u9664\u5355\u4e2a\u4e8b\u9879\n\n**\u8bf7\u6c42URL\uff1a** \n- ` http:\/\/ofeasl.top\/del_task\/<int:id> `\n  \n**\u8bf7\u6c42\u65b9\u5f0f\uff1a**\n- DELETE \n\n**\u53c2\u6570\uff1a** \n\n|\u53c2\u6570\u540d|\u5fc5\u9009|\u7c7b\u578b|\u8bf4\u660e|\n|:----    |:---|:----- |-----   |\n|ID |\u662f  |int |\u5f85\u529e\u4e8b\u9879ID   |\n|token |\u662f  |string | \u767b\u5f55\u8ba4\u8bc1    |\n|token\u5728header\u4e2d\u6dfb\u52a0\n **\u8fd4\u56de\u793a\u4f8b**\n``` \n{\n    \"data\": {\n        \"done\": false,\n        \"end_time\": \"2019.1.2\",\n        \"id\": 1,\n        \"owner\": 1,\n        \"start_time\": \"2019.1.1\",\n        \"state\": \"Milk, Cheese, Pizza, Fruit, Tylenol\",\n        \"title\": \"Buy groceries\"\n    },\n    \"message\": \"Delete Successfully\",\n    \"status\": 0\n}\n```\n **\u8fd4\u56de\u53c2\u6570\u8bf4\u660e** \n\n|\u53c2\u6570\u540d|\u7c7b\u578b|\u8bf4\u660e|\n|:-----  |:-----|-----                           |\n|done |bool   |\u662f\u5426\u5b8c\u6210|\n|end_time |string   |\u7ed3\u675f\u65f6\u95f4|\n|id |int   |\u4e8b\u9879id(\u7cfb\u7edf\u81ea\u52a8\u751f\u6210)|\n|owner |int   |\u4e8b\u9879\u4f5c\u8005(\u6839\u636etoken\u81ea\u52a8\u751f\u6210)|\n|start_time |string   |\u5f00\u59cb\u65f6\u95f4(\u7cfb\u7edf\u81ea\u52a8\u751f\u6210)|\n|state |string   |\u4e8b\u9879\u5185\u5bb9|\n|title |string   |\u4e8b\u9879\u6807\u9898|\n\n **\u5907\u6ce8** \n\n","s_number":"99","page_comments":""},{"page_title":"\u5220\u9664\u6240\u6709\u5df2\u5b8c\u6210\u4e8b\u9879","cat_id":"3453382","page_content":"**\u7b80\u8981\u63cf\u8ff0\uff1a** \n\n- \u5220\u9664\u6240\u6709\u5df2\u5b8c\u6210\u4e8b\u9879\n\n**\u8bf7\u6c42URL\uff1a** \n- ` http:\/\/ofeasl.top\/del_all_done`\n  \n**\u8bf7\u6c42\u65b9\u5f0f\uff1a**\n- DELETE \n\n**\u53c2\u6570\uff1a** \n\n|\u53c2\u6570\u540d|\u5fc5\u9009|\u7c7b\u578b|\u8bf4\u660e|\n|:----    |:---|:----- |-----   |\n|token |\u662f  |string | \u767b\u5f55\u8ba4\u8bc1    |\n|token\u5728header\u4e2d\u6dfb\u52a0\n **\u8fd4\u56de\u793a\u4f8b**\n``` \n{\n    \"data\": [\n        {\n            \"done\": true,\n            \"end_time\": \"2019.1.2\",\n            \"id\": 1,\n            \"owner\": 1,\n            \"start_time\": \"2019.1.1\",\n            \"state\": \"Milk, Cheese, Pizza, Fruit, Tylenol\",\n            \"title\": \"Buy groceries\"\n        },\n        {\n            \"done\": true,\n            \"end_time\": \"2019.2.2\",\n            \"id\": 2,\n            \"owner\": 1,\n            \"start_time\": \"2019.2.1\",\n            \"state\": \"Need to find a good Python tutorial on the web\",\n            \"title\": \"Learn Python\"\n        },\n        {\n            \"done\": true,\n            \"end_time\": \"2019.3.2\",\n            \"id\": 3,\n            \"owner\": 1,\n            \"start_time\": \"2019.3.1\",\n            \"state\": \"Test_state_3\",\n            \"title\": \"Test_title_3\"\n        },\n        {\n            \"done\": true,\n            \"end_time\": \"2019.3.2\",\n            \"id\": 4,\n            \"owner\": 1,\n            \"start_time\": \"2019.3.1\",\n            \"state\": \"Test_state_33333\",\n            \"title\": \"Test_title_3\"\n        },\n        {\n            \"done\": true,\n            \"end_time\": \"2019.3.2\",\n            \"id\": 5,\n            \"owner\": 1,\n            \"start_time\": \"2019.3.1\",\n            \"state\": \"Tsssss333\",\n            \"title\": \"Test_title_3\"\n        }\n    ],\n    \"message\": \"Delete Successfully\",\n    \"status\": 0\n}\n```\n **\u8fd4\u56de\u53c2\u6570\u8bf4\u660e** \n\n|\u53c2\u6570\u540d|\u7c7b\u578b|\u8bf4\u660e|\n|:-----  |:-----|-----                           |\n|done |bool   |\u662f\u5426\u5b8c\u6210|\n|end_time |string   |\u7ed3\u675f\u65f6\u95f4|\n|id |int   |\u4e8b\u9879id(\u7cfb\u7edf\u81ea\u52a8\u751f\u6210)|\n|owner |int   |\u4e8b\u9879\u4f5c\u8005(\u6839\u636etoken\u81ea\u52a8\u751f\u6210)|\n|start_time |string   |\u5f00\u59cb\u65f6\u95f4(\u7cfb\u7edf\u81ea\u52a8\u751f\u6210)|\n|state |string   |\u4e8b\u9879\u5185\u5bb9|\n|title |string   |\u4e8b\u9879\u6807\u9898|\n\n **\u5907\u6ce8** \n\n","s_number":"99","page_comments":""},{"page_title":"\u5220\u9664\u6240\u6709\u672a\u5b8c\u6210","cat_id":"3453382","page_content":"**\u7b80\u8981\u63cf\u8ff0\uff1a** \n\n- \u5220\u9664\u6240\u6709\u672a\u5b8c\u6210\u4e8b\u9879\n\n**\u8bf7\u6c42URL\uff1a** \n- ` http:\/\/ofeasl.top\/del_all_undone`\n  \n**\u8bf7\u6c42\u65b9\u5f0f\uff1a**\n- DELETE \n\n**\u53c2\u6570\uff1a** \n\n|\u53c2\u6570\u540d|\u5fc5\u9009|\u7c7b\u578b|\u8bf4\u660e|\n|:----    |:---|:----- |-----   |\n|token |\u662f  |string | \u767b\u5f55\u8ba4\u8bc1    |\n|token\u5728header\u4e2d\u6dfb\u52a0\n **\u8fd4\u56de\u793a\u4f8b**\n``` \n{\n    \"data\": [\n        {\n            \"done\": false,\n            \"end_time\": \"2019.1.2\",\n            \"id\": 1,\n            \"owner\": 1,\n            \"start_time\": \"2019.1.1\",\n            \"state\": \"Milk, Cheese, Pizza, Fruit, Tylenol\",\n            \"title\": \"Buy groceries\"\n        },\n        {\n            \"done\": false,\n            \"end_time\": \"2019.2.2\",\n            \"id\": 2,\n            \"owner\": 1,\n            \"start_time\": \"2019.2.1\",\n            \"state\": \"Need to find a good Python tutorial on the web\",\n            \"title\": \"Learn Python\"\n        },\n        {\n            \"done\": false,\n            \"end_time\": \"2019.3.2\",\n            \"id\": 3,\n            \"owner\": 1,\n            \"start_time\": \"2019.3.1\",\n            \"state\": \"Test_state_3\",\n            \"title\": \"Test_title_3\"\n        },\n        {\n            \"done\": false,\n            \"end_time\": \"2019.3.2\",\n            \"id\": 4,\n            \"owner\": 1,\n            \"start_time\": \"2019.3.1\",\n            \"state\": \"Test_state_33333\",\n            \"title\": \"Test_title_3\"\n        },\n        {\n            \"done\": false,\n            \"end_time\": \"2019.3.2\",\n            \"id\": 5,\n            \"owner\": 1,\n            \"start_time\": \"2019.3.1\",\n            \"state\": \"Tsssss333\",\n            \"title\": \"Test_title_3\"\n        }\n    ],\n    \"message\": \"Delete Successfully\",\n    \"status\": 0\n}\n```\n **\u8fd4\u56de\u53c2\u6570\u8bf4\u660e** \n\n|\u53c2\u6570\u540d|\u7c7b\u578b|\u8bf4\u660e|\n|:-----  |:-----|-----                           |\n|done |bool   |\u662f\u5426\u5b8c\u6210|\n|end_time |string   |\u7ed3\u675f\u65f6\u95f4|\n|id |int   |\u4e8b\u9879id(\u7cfb\u7edf\u81ea\u52a8\u751f\u6210)|\n|owner |int   |\u4e8b\u9879\u4f5c\u8005(\u6839\u636etoken\u81ea\u52a8\u751f\u6210)|\n|start_time |string   |\u5f00\u59cb\u65f6\u95f4(\u7cfb\u7edf\u81ea\u52a8\u751f\u6210)|\n|state |string   |\u4e8b\u9879\u5185\u5bb9|\n|title |string   |\u4e8b\u9879\u6807\u9898|\n\n **\u5907\u6ce8** \n\n","s_number":"99","page_comments":""}],"catalogs":[]},{"cat_id":"3453383","cat_name":"\u6539","parent_cat_id":"3453309","level":"3","s_number":"99","pages":[{"page_title":"\u5c06\u6240\u6709\u4e8b\u9879\u8bbe\u4e3a\u5df2\u529e","cat_id":"3453383","page_content":"**\u7b80\u8981\u63cf\u8ff0\uff1a** \n\n- \u5c06\u6240\u6709\u4e8b\u9879\u8bbe\u4e3a\u5df2\u529e\n\n**\u8bf7\u6c42URL\uff1a** \n- ` http:\/\/ofeasl.top\/api\/v1\/set_all_done`\n  \n**\u8bf7\u6c42\u65b9\u5f0f\uff1a**\n- PUT \n\n**\u53c2\u6570\uff1a** \n\n|\u53c2\u6570\u540d|\u5fc5\u9009|\u7c7b\u578b|\u8bf4\u660e|\n|:----    |:---|:----- |-----   |\n|token |\u662f  |string | \u767b\u5f55\u8ba4\u8bc1    |\n|token\u5728header\u4e2d\u6dfb\u52a0\n **\u8fd4\u56de\u793a\u4f8b**\n``` \n{\n    \"data\": \"\",\n    \"message\": \"Change Successfully\",\n    \"status\": 0\n}\n```\n **\u8fd4\u56de\u53c2\u6570\u8bf4\u660e** \n\n\n **\u5907\u6ce8** \n\n","s_number":"99","page_comments":""},{"page_title":"\u5c06\u6240\u6709\u4e8b\u9879\u8bbe\u4e3a\u5f85\u529e","cat_id":"3453383","page_content":"**\u7b80\u8981\u63cf\u8ff0\uff1a** \n\n- \u5c06\u6240\u6709\u4e8b\u9879\u8bbe\u4e3a\u5f85\u529e\n\n**\u8bf7\u6c42URL\uff1a** \n- ` http:\/\/ofeasl.top\/api\/v1\/set_all_undone`\n  \n**\u8bf7\u6c42\u65b9\u5f0f\uff1a**\n- PUT \n\n**\u53c2\u6570\uff1a** \n\n|\u53c2\u6570\u540d|\u5fc5\u9009|\u7c7b\u578b|\u8bf4\u660e|\n|:----    |:---|:----- |-----   |\n|token |\u662f  |string | \u767b\u5f55\u8ba4\u8bc1    |\n|token\u5728header\u4e2d\u6dfb\u52a0\n **\u8fd4\u56de\u793a\u4f8b**\n``` \n{\n    \"data\": \"\",\n    \"message\": \"Change Successfully\",\n    \"status\": 0\n}\n```\n **\u8fd4\u56de\u53c2\u6570\u8bf4\u660e** \n\n\n **\u5907\u6ce8** \n\n","s_number":"99","page_comments":""},{"page_title":"\u5c06\u4e00\u6761\u4e8b\u9879\u8bbe\u4e3a\u5df2\u529e","cat_id":"3453383","page_content":"**\u7b80\u8981\u63cf\u8ff0\uff1a** \n\n- \u5c06\u4e00\u6761\u4e8b\u9879\u8bbe\u4e3a\u5df2\u529e\n\n**\u8bf7\u6c42URL\uff1a** \n- ` http:\/\/ofeasl.top\/api\/v1\/set_a_done\/<int:id>`\n  \n**\u8bf7\u6c42\u65b9\u5f0f\uff1a**\n- PUT \n\n**\u53c2\u6570\uff1a** \n\n|\u53c2\u6570\u540d|\u5fc5\u9009|\u7c7b\u578b|\u8bf4\u660e|\n|:----    |:---|:----- |-----   |\n|id |\u662f  |string | \u6307\u5b9atask    |\n|token |\u662f  |string | \u767b\u5f55\u8ba4\u8bc1    |\n|token\u5728header\u4e2d\u6dfb\u52a0\n **\u8fd4\u56de\u793a\u4f8b**\n``` \n{\n    \"data\": {\n        \"done\": true,\n        \"end_time\": \"2019.1.2\",\n        \"id\": 1,\n        \"owner\": 1,\n        \"start_time\": \"2019.1.1\",\n        \"state\": \"Milk, Cheese, Pizza, Fruit, Tylenol\",\n        \"title\": \"Buy groceries\"\n    },\n    \"message\": \"Change Successfully\",\n    \"status\": 0\n}\n```\n **\u8fd4\u56de\u53c2\u6570\u8bf4\u660e** \n\n|\u53c2\u6570\u540d|\u7c7b\u578b|\u8bf4\u660e|\n|:-----  |:-----|-----                           |\n|done |bool   |\u662f\u5426\u5b8c\u6210|\n|end_time |string   |\u7ed3\u675f\u65f6\u95f4|\n|id |int   |\u4e8b\u9879id(\u7cfb\u7edf\u81ea\u52a8\u751f\u6210)|\n|owner |int   |\u4e8b\u9879\u4f5c\u8005(\u6839\u636etoken\u81ea\u52a8\u751f\u6210)|\n|start_time |string   |\u5f00\u59cb\u65f6\u95f4(\u7cfb\u7edf\u81ea\u52a8\u751f\u6210)|\n|state |string   |\u4e8b\u9879\u5185\u5bb9|\n|title |string   |\u4e8b\u9879\u6807\u9898|\n\n **\u5907\u6ce8** \n\n","s_number":"99","page_comments":""},{"page_title":"\u5c06\u4e00\u6761\u4e8b\u9879\u8bbe\u4e3a\u5f85\u529e","cat_id":"3453383","page_content":"**\u7b80\u8981\u63cf\u8ff0\uff1a** \n\n- \u5c06\u4e00\u6761\u4e8b\u9879\u8bbe\u4e3a\u5f85\u529e\n\n**\u8bf7\u6c42URL\uff1a** \n- ` http:\/\/ofeasl.top\/api\/v1\/set_a_undone\/<int:id>`\n  \n**\u8bf7\u6c42\u65b9\u5f0f\uff1a**\n- PUT \n\n**\u53c2\u6570\uff1a** \n\n|\u53c2\u6570\u540d|\u5fc5\u9009|\u7c7b\u578b|\u8bf4\u660e|\n|:----    |:---|:----- |-----   |\n|id |\u662f  |string | \u6307\u5b9atask    |\n|token |\u662f  |string | \u767b\u5f55\u8ba4\u8bc1    |\n|token\u5728header\u4e2d\u6dfb\u52a0\n **\u8fd4\u56de\u793a\u4f8b**\n``` \n{\n    \"data\": {\n        \"done\": false,\n        \"end_time\": \"2019.1.2\",\n        \"id\": 1,\n        \"owner\": 1,\n        \"start_time\": \"2019.1.1\",\n        \"state\": \"Milk, Cheese, Pizza, Fruit, Tylenol\",\n        \"title\": \"Buy groceries\"\n    },\n    \"message\": \"Change Successfully\",\n    \"status\": 0\n}\n```\n **\u8fd4\u56de\u53c2\u6570\u8bf4\u660e** \n\n|\u53c2\u6570\u540d|\u7c7b\u578b|\u8bf4\u660e|\n|:-----  |:-----|-----                           |\n|done |bool   |\u662f\u5426\u5b8c\u6210|\n|end_time |string   |\u7ed3\u675f\u65f6\u95f4|\n|id |int   |\u4e8b\u9879id(\u7cfb\u7edf\u81ea\u52a8\u751f\u6210)|\n|owner |int   |\u4e8b\u9879\u4f5c\u8005(\u6839\u636etoken\u81ea\u52a8\u751f\u6210)|\n|start_time |string   |\u5f00\u59cb\u65f6\u95f4(\u7cfb\u7edf\u81ea\u52a8\u751f\u6210)|\n|state |string   |\u4e8b\u9879\u5185\u5bb9|\n|title |string   |\u4e8b\u9879\u6807\u9898|\n\n **\u5907\u6ce8** \n\n","s_number":"99","page_comments":""}],"catalogs":[]},{"cat_id":"3454288","cat_name":"\u589e","parent_cat_id":"3453309","level":"3","s_number":"99","pages":[{"page_title":"\u589e","cat_id":"3454288","page_content":"**\u7b80\u8981\u63cf\u8ff0\uff1a** \n\n- \u6dfb\u52a0\u5f85\u529e\u4e8b\u9879\u63a5\u53e3\n\n**\u8bf7\u6c42URL\uff1a** \n- ` http:\/\/ofeasl.top\/\/api\/v1\/add_task `\n  \n**\u8bf7\u6c42\u65b9\u5f0f\uff1a**\n- POST \n\n**\u53c2\u6570\uff1a** \n\n|\u53c2\u6570\u540d|\u5fc5\u9009|\u7c7b\u578b|\u8bf4\u660e|\n|:----    |:---|:----- |-----   |\n|title |\u662f  |string |\u5f85\u529e\u4e8b\u9879\u6807\u9898   |\n|state |\u5426  |string | \u5f85\u529e\u4e8b\u9879\u5185\u5bb9    |\n|end_time |\u5426  |string | \u7ed3\u675f\u65f6\u95f4    |\n|token |\u662f  |string | \u767b\u5f55\u8ba4\u8bc1    |\n|\u5fc5\u987b\u4f7f\u7528JSON\u683c\u5f0f\u8bf7\u6c42\n|token\u5728header\u4e2d\u6dfb\u52a0\n **\u8fd4\u56de\u793a\u4f8b**\n``` \n{\n    \"data\": {\n        \"done\": false,\n        \"end_time\": \"2021.10.10\",\n        \"id\": 7,\n        \"owner\": 2,\n        \"start_time\": \"2021.4.4\",\n        \"state\": \"test_state\",\n        \"title\": \"test_title\"\n    },\n    \"message\": \"Add Successfully\",\n    \"status\": 0\n}\n```\n **\u8fd4\u56de\u53c2\u6570\u8bf4\u660e** \n\n|\u53c2\u6570\u540d|\u7c7b\u578b|\u8bf4\u660e|\n|:-----  |:-----|-----                           |\n|done |bool   |\u662f\u5426\u5b8c\u6210|\n|end_time |string   |\u7ed3\u675f\u65f6\u95f4|\n|id |int   |\u4e8b\u9879id(\u7cfb\u7edf\u81ea\u52a8\u751f\u6210)|\n|owner |int   |\u4e8b\u9879\u4f5c\u8005(\u6839\u636etoken\u81ea\u52a8\u751f\u6210)|\n|start_time |string   |\u5f00\u59cb\u65f6\u95f4(\u7cfb\u7edf\u81ea\u52a8\u751f\u6210)|\n|state |string   |\u4e8b\u9879\u5185\u5bb9|\n|title |string   |\u4e8b\u9879\u6807\u9898|\n\n **\u5907\u6ce8** \n\n","s_number":"99","page_comments":""}],"catalogs":[]},{"cat_id":"3454291","cat_name":"\u67e5","parent_cat_id":"3453309","level":"3","s_number":"99","pages":[{"page_title":"\u67e5\u770b\u6240\u6709\u4e8b\u9879","cat_id":"3454291","page_content":"**\u7b80\u8981\u63cf\u8ff0\uff1a** \n\n- \u67e5\u770b\u6240\u6709\u4e8b\u9879\n\n**\u8bf7\u6c42URL\uff1a** \n- ` http:\/\/ofeasl.top\/api\/v1\/display_all_tasks?page=1 `\n  \n**\u8bf7\u6c42\u65b9\u5f0f\uff1a**\n- GET\n\n**\u53c2\u6570\uff1a** \n\n|\u53c2\u6570\u540d|\u5fc5\u9009|\u7c7b\u578b|\u8bf4\u660e|\n|:----    |:---|:----- |-----   |\n|page |\u5426  |int | \u9875\u7801\uff0c\u9ed8\u8ba4\u4e3a1    |\n|token |\u662f  |string | \u767b\u5f55\u8ba4\u8bc1    |\n|token\u8981\u6dfb\u52a0\u5728headers\u4e2d\n **\u8fd4\u56de\u793a\u4f8b**\n``` \n{\n    \"data\": [\n        {\n            \"done\": false,\n            \"end_time\": \"2019.1.2\",\n            \"id\": 1,\n            \"owner\": 1,\n            \"start_time\": \"2019.1.1\",\n            \"state\": \"Milk, Cheese, Pizza, Fruit, Tylenol\",\n            \"title\": \"Buy groceries\"\n        },\n        {\n            \"done\": false,\n            \"end_time\": \"2019.2.2\",\n            \"id\": 2,\n            \"owner\": 1,\n            \"start_time\": \"2019.2.1\",\n            \"state\": \"Need to find a good Python tutorial on the web\",\n            \"title\": \"Learn Python\"\n        },\n        {\n            \"done\": false,\n            \"end_time\": \"2019.3.2\",\n            \"id\": 3,\n            \"owner\": 1,\n            \"start_time\": \"2019.3.1\",\n            \"state\": \"Test_state_3\",\n            \"title\": \"Test_title_3\"\n        },\n        {\n            \"done\": false,\n            \"end_time\": \"2019.3.2\",\n            \"id\": 4,\n            \"owner\": 1,\n            \"start_time\": \"2019.3.1\",\n            \"state\": \"Test_state_33333\",\n            \"title\": \"Test_title_3\"\n        },\n        {\n            \"done\": false,\n            \"end_time\": \"2019.3.2\",\n            \"id\": 5,\n            \"owner\": 1,\n            \"start_time\": \"2019.3.1\",\n            \"state\": \"Tsssss333\",\n            \"title\": \"Test_title_3\"\n        }\n    ],\n    \"message\": {\n        \"current_page\": 1,\n        \"has_next?\": false,\n        \"has_prev\": false,\n        \"max_page\": 1,\n        \"peer_page\": 5,\n        \"total_data\": 5\n    },\n    \"status\": 0\n}\n```\n **\u8fd4\u56de\u53c2\u6570\u8bf4\u660e** \n\n|\u53c2\u6570\u540d|\u7c7b\u578b|\u8bf4\u660e|\n|:-----  |:-----|-----                           |\n|data.done |bool   |\u662f\u5426\u5b8c\u6210|\n|data.end_time |string   |\u7ed3\u675f\u65f6\u95f4|\n|data.id |int   |\u4e8b\u9879id(\u7cfb\u7edf\u81ea\u52a8\u751f\u6210)|\n|data.owner |int   |\u4e8b\u9879\u4f5c\u8005(\u6839\u636etoken\u81ea\u52a8\u751f\u6210)|\n|data.start_time |string   |\u5f00\u59cb\u65f6\u95f4(\u7cfb\u7edf\u81ea\u52a8\u751f\u6210)|\n|data.state |string   |\u4e8b\u9879\u5185\u5bb9|\n|data.title |string   |\u4e8b\u9879\u6807\u9898|\n|message.current_page|int|\u5f53\u524d\u9875\u9762|\n|message.has_next?|bool|\u662f\u5426\u6709\u4e0b\u4e00\u9875|\n|message.has_prev|bool|\u662f\u5426\u6709\u524d\u4e00\u9875|\n|message.max_page|int|\u6700\u5927\u9875\u6570|\n|message.peer_page|int|\u6bcf\u4e00\u9875\u6709\u591a\u5c11\u4fe1\u606f|\n|message.total_data|int|\u4fe1\u606f\u603b\u6570|\n **\u5907\u6ce8** \n\n","s_number":"99","page_comments":""},{"page_title":"\u67e5\u770b\u6240\u6709\u5f85\u529e\u4e8b\u9879","cat_id":"3454291","page_content":"**\u7b80\u8981\u63cf\u8ff0\uff1a** \n\n- \u67e5\u770b\u6240\u6709\u5f85\u529e\u4e8b\u9879\n\n**\u8bf7\u6c42URL\uff1a** \n- ` http:\/\/ofeasl.top\/api\/v1\/display_all_undone_tasks?page=1 `\n  \n**\u8bf7\u6c42\u65b9\u5f0f\uff1a**\n- GET\n\n**\u53c2\u6570\uff1a** \n\n|\u53c2\u6570\u540d|\u5fc5\u9009|\u7c7b\u578b|\u8bf4\u660e|\n|:----    |:---|:----- |-----   |\n|page |\u5426  |int | \u9875\u7801\uff0c\u9ed8\u8ba4\u4e3a1    |\n|token |\u662f  |string | \u767b\u5f55\u8ba4\u8bc1    |\n|token\u8981\u6dfb\u52a0\u5728headers\u4e2d\n **\u8fd4\u56de\u793a\u4f8b**\n``` \n{\n    \"data\": [\n        {\n            \"done\": false,\n            \"end_time\": \"2019.1.2\",\n            \"id\": 1,\n            \"owner\": 1,\n            \"start_time\": \"2019.1.1\",\n            \"state\": \"Milk, Cheese, Pizza, Fruit, Tylenol\",\n            \"title\": \"Buy groceries\"\n        },\n        {\n            \"done\": false,\n            \"end_time\": \"2019.2.2\",\n            \"id\": 2,\n            \"owner\": 1,\n            \"start_time\": \"2019.2.1\",\n            \"state\": \"Need to find a good Python tutorial on the web\",\n            \"title\": \"Learn Python\"\n        },\n        {\n            \"done\": false,\n            \"end_time\": \"2019.3.2\",\n            \"id\": 3,\n            \"owner\": 1,\n            \"start_time\": \"2019.3.1\",\n            \"state\": \"Test_state_3\",\n            \"title\": \"Test_title_3\"\n        },\n        {\n            \"done\": false,\n            \"end_time\": \"2019.3.2\",\n            \"id\": 4,\n            \"owner\": 1,\n            \"start_time\": \"2019.3.1\",\n            \"state\": \"Test_state_33333\",\n            \"title\": \"Test_title_3\"\n        },\n        {\n            \"done\": false,\n            \"end_time\": \"2019.3.2\",\n            \"id\": 5,\n            \"owner\": 1,\n            \"start_time\": \"2019.3.1\",\n            \"state\": \"Tsssss333\",\n            \"title\": \"Test_title_3\"\n        }\n    ],\n    \"message\": {\n        \"current_page\": 1,\n        \"has_next?\": false,\n        \"has_prev\": false,\n        \"max_page\": 1,\n        \"peer_page\": 5,\n        \"total_data\": 5\n    },\n    \"status\": 0\n}\n```\n **\u8fd4\u56de\u53c2\u6570\u8bf4\u660e** \n\n|\u53c2\u6570\u540d|\u7c7b\u578b|\u8bf4\u660e|\n|:-----  |:-----|-----                           |\n|data.done |bool   |\u662f\u5426\u5b8c\u6210|\n|data.end_time |string   |\u7ed3\u675f\u65f6\u95f4|\n|data.id |int   |\u4e8b\u9879id(\u7cfb\u7edf\u81ea\u52a8\u751f\u6210)|\n|data.owner |int   |\u4e8b\u9879\u4f5c\u8005(\u6839\u636etoken\u81ea\u52a8\u751f\u6210)|\n|data.start_time |string   |\u5f00\u59cb\u65f6\u95f4(\u7cfb\u7edf\u81ea\u52a8\u751f\u6210)|\n|data.state |string   |\u4e8b\u9879\u5185\u5bb9|\n|data.title |string   |\u4e8b\u9879\u6807\u9898|\n|message.current_page|int|\u5f53\u524d\u9875\u9762|\n|message.has_next?|bool|\u662f\u5426\u6709\u4e0b\u4e00\u9875|\n|message.has_prev|bool|\u662f\u5426\u6709\u524d\u4e00\u9875|\n|message.max_page|int|\u6700\u5927\u9875\u6570|\n|message.peer_page|int|\u6bcf\u4e00\u9875\u6709\u591a\u5c11\u4fe1\u606f|\n|message.total_data|int|\u4fe1\u606f\u603b\u6570|\n **\u5907\u6ce8** \n\n","s_number":"99","page_comments":""},{"page_title":"\u67e5\u770b\u6240\u6709\u5df2\u529e\u4e8b\u9879","cat_id":"3454291","page_content":"**\u7b80\u8981\u63cf\u8ff0\uff1a** \n\n- \u67e5\u770b\u6240\u6709\u5df2\u529e\u4e8b\u9879\n\n**\u8bf7\u6c42URL\uff1a** \n- ` http:\/\/ofeasl.top\/api\/v1\/display_all_done_tasks?page=1 `\n  \n**\u8bf7\u6c42\u65b9\u5f0f\uff1a**\n- GET\n\n**\u53c2\u6570\uff1a** \n\n|\u53c2\u6570\u540d|\u5fc5\u9009|\u7c7b\u578b|\u8bf4\u660e|\n|:----    |:---|:----- |-----   |\n|page |\u5426  |int | \u9875\u7801\uff0c\u9ed8\u8ba4\u4e3a1    |\n|token |\u662f  |string | \u767b\u5f55\u8ba4\u8bc1    |\n|token\u8981\u6dfb\u52a0\u5728headers\u4e2d\n **\u8fd4\u56de\u793a\u4f8b**\n``` \n{\n    \"data\": [\n        {\n            \"done\": true,\n            \"end_time\": \"2019.1.2\",\n            \"id\": 1,\n            \"owner\": 1,\n            \"start_time\": \"2019.1.1\",\n            \"state\": \"Milk, Cheese, Pizza, Fruit, Tylenol\",\n            \"title\": \"Buy groceries\"\n        },\n        {\n            \"done\": true,\n            \"end_time\": \"2019.2.2\",\n            \"id\": 2,\n            \"owner\": 1,\n            \"start_time\": \"2019.2.1\",\n            \"state\": \"Need to find a good Python tutorial on the web\",\n            \"title\": \"Learn Python\"\n        },\n        {\n            \"done\": true,\n            \"end_time\": \"2019.3.2\",\n            \"id\": 3,\n            \"owner\": 1,\n            \"start_time\": \"2019.3.1\",\n            \"state\": \"Test_state_3\",\n            \"title\": \"Test_title_3\"\n        },\n        {\n            \"done\": true,\n            \"end_time\": \"2019.3.2\",\n            \"id\": 4,\n            \"owner\": 1,\n            \"start_time\": \"2019.3.1\",\n            \"state\": \"Test_state_33333\",\n            \"title\": \"Test_title_3\"\n        },\n        {\n            \"done\": true,\n            \"end_time\": \"2019.3.2\",\n            \"id\": 5,\n            \"owner\": 1,\n            \"start_time\": \"2019.3.1\",\n            \"state\": \"Tsssss333\",\n            \"title\": \"Test_title_3\"\n        }\n    ],\n    \"message\": {\n        \"current_page\": 1,\n        \"has_next?\": false,\n        \"has_prev\": false,\n        \"max_page\": 1,\n        \"peer_page\": 5,\n        \"total_data\": 5\n    },\n    \"status\": 0\n}\n```\n **\u8fd4\u56de\u53c2\u6570\u8bf4\u660e** \n\n|\u53c2\u6570\u540d|\u7c7b\u578b|\u8bf4\u660e|\n|:-----  |:-----|-----                           |\n|data.done |bool   |\u662f\u5426\u5b8c\u6210|\n|data.end_time |string   |\u7ed3\u675f\u65f6\u95f4|\n|data.id |int   |\u4e8b\u9879id(\u7cfb\u7edf\u81ea\u52a8\u751f\u6210)|\n|data.owner |int   |\u4e8b\u9879\u4f5c\u8005(\u6839\u636etoken\u81ea\u52a8\u751f\u6210)|\n|data.start_time |string   |\u5f00\u59cb\u65f6\u95f4(\u7cfb\u7edf\u81ea\u52a8\u751f\u6210)|\n|data.state |string   |\u4e8b\u9879\u5185\u5bb9|\n|data.title |string   |\u4e8b\u9879\u6807\u9898|\n|message.current_page|int|\u5f53\u524d\u9875\u9762|\n|message.has_next?|bool|\u662f\u5426\u6709\u4e0b\u4e00\u9875|\n|message.has_prev|bool|\u662f\u5426\u6709\u524d\u4e00\u9875|\n|message.max_page|int|\u6700\u5927\u9875\u6570|\n|message.peer_page|int|\u6bcf\u4e00\u9875\u6709\u591a\u5c11\u4fe1\u606f|\n|message.total_data|int|\u4fe1\u606f\u603b\u6570|\n **\u5907\u6ce8** \n\n","s_number":"99","page_comments":""},{"page_title":"\u901a\u8fc7\u5173\u952e\u8bcd\u67e5\u627e\u4e8b\u9879","cat_id":"3454291","page_content":"**\u7b80\u8981\u63cf\u8ff0\uff1a** \n\n- \u901a\u8fc7\u5173\u952e\u8bcd\u67e5\u627e\u4e8b\u9879\n\n**\u8bf7\u6c42URL\uff1a** \n- ` http:\/\/127.0.0.1:5000\/api\/v1\/search_task\/query?id=1&title=Buy groceries&state=Milk, Cheese, Pizza, Fruit, Tylenol&owner=1&end_time=2019.1.2&page=1 `\n  \n**\u8bf7\u6c42\u65b9\u5f0f\uff1a**\n- GET\n\n**\u53c2\u6570\uff1a** \n\n|\u53c2\u6570\u540d|\u5fc5\u9009|\u7c7b\u578b|\u8bf4\u660e|\n|:----    |:---|:----- |-----   |\n|title |\u5426  |string | \u4e8b\u9879\u6807\u9898    |\n|state |\u5426  |string | \u4e8b\u9879\u5185\u5bb9    |\n|owner |\u5426  |int | \u4e8b\u9879\u6240\u6709\u8005    |\n|end_time |\u5426  |string | \u4e8b\u9879\u7ed3\u675f\u4e8b\u4ef6    |\n|page |\u5426  |int | \u9875\u7801\uff0c\u9ed8\u8ba4\u4e3a1    |\n|token |\u662f  |string | \u767b\u5f55\u8ba4\u8bc1    |\n|token\u8981\u6dfb\u52a0\u5728headers\u4e2d\n **\u8fd4\u56de\u793a\u4f8b**\n``` \n{\n    \"data\": [\n        {\n            \"done\": true,\n            \"end_time\": \"2019.1.2\",\n            \"id\": 1,\n            \"owner\": 1,\n            \"start_time\": \"2019.1.1\",\n            \"state\": \"Milk, Cheese, Pizza, Fruit, Tylenol\",\n            \"title\": \"Buy groceries\"\n        }\n    ],\n    \"message\": {\n        \"current_page\": 1,\n        \"has_next?\": false,\n        \"has_prev\": false,\n        \"max_page\": 1,\n        \"peer_page\": 5,\n        \"total_data\": 1\n    },\n    \"status\": 0\n}\n```\n **\u8fd4\u56de\u53c2\u6570\u8bf4\u660e** \n\n|\u53c2\u6570\u540d|\u7c7b\u578b|\u8bf4\u660e|\n|:-----  |:-----|-----                           |\n|data.done |bool   |\u662f\u5426\u5b8c\u6210|\n|data.end_time |string   |\u7ed3\u675f\u65f6\u95f4|\n|data.id |int   |\u4e8b\u9879id(\u7cfb\u7edf\u81ea\u52a8\u751f\u6210)|\n|data.owner |int   |\u4e8b\u9879\u4f5c\u8005(\u6839\u636etoken\u81ea\u52a8\u751f\u6210)|\n|data.start_time |string   |\u5f00\u59cb\u65f6\u95f4(\u7cfb\u7edf\u81ea\u52a8\u751f\u6210)|\n|data.state |string   |\u4e8b\u9879\u5185\u5bb9|\n|data.title |string   |\u4e8b\u9879\u6807\u9898|\n|message.current_page|int|\u5f53\u524d\u9875\u9762|\n|message.has_next?|bool|\u662f\u5426\u6709\u4e0b\u4e00\u9875|\n|message.has_prev|bool|\u662f\u5426\u6709\u524d\u4e00\u9875|\n|message.max_page|int|\u6700\u5927\u9875\u6570|\n|message.peer_page|int|\u6bcf\u4e00\u9875\u6709\u591a\u5c11\u4fe1\u606f|\n|message.total_data|int|\u4fe1\u606f\u603b\u6570|\n **\u5907\u6ce8** \n\n","s_number":"99","page_comments":""},{"page_title":"\u67e5\u770b\u67e5\u8be2\u5386\u53f2\u8bb0\u5f55","cat_id":"3454291","page_content":"**\u7b80\u8981\u63cf\u8ff0\uff1a** \n\n- \u67e5\u770b\u67e5\u8be2\u5386\u53f2\u8bb0\u5f55\n\n**\u8bf7\u6c42URL\uff1a** \n- ` http:\/\/ofeasl.top\/api\/v1\/api\/v1\/history`\n  \n**\u8bf7\u6c42\u65b9\u5f0f\uff1a**\n- GET\n\n**\u53c2\u6570\uff1a** \n\n|\u53c2\u6570\u540d|\u5fc5\u9009|\u7c7b\u578b|\u8bf4\u660e|\n|:----    |:---|:----- |-----   |\n|token |\u662f  |string | \u767b\u5f55\u8ba4\u8bc1    |\n|token\u8981\u6dfb\u52a0\u5728headers\u4e2d\n **\u8fd4\u56de\u793a\u4f8b**\n``` \n{\n    \"data\": [\n        \"Search_All_Done\",\n        \"Search_All_Undone\",\n        \"Search_All_Undone\",\n        \"Search_All_Undone\",\n        \"Search_All_Done\",\n        \"Search_All_Done\",\n        \"Search_By_Query\",\n        \"Search_By_Query\",\n        \"Search_By_Query\",\n        \"Search_By_Query\"\n    ],\n    \"message\": \"Search Successfully\",\n    \"status\": 0\n}\n```\n **\u8fd4\u56de\u53c2\u6570\u8bf4\u660e** \n\n **\u5907\u6ce8** \n\n","s_number":"99","page_comments":""}],"catalogs":[]}]}]}}